stim,SDNN,RMMSD,pnn50,nn50,SD1,SD2,SDratio,VLF,LF,HF,LFHF,LFn,HFn,POW
0,31.3973037044292,10.5768275510872,0,0,7.50281451603569,43.7640164307881,0.171437978685097,767.614319750776,161.364860131751,15.7528813299502,10.24,0.911059833984184,0.0889401660158168,944.732061212477
1,13.7968291880737,7.35182852874856,0,0,5.21463995906246,18.8019286613665,0.277346013431979,121.615700794933,35.6081600533585,9.57447339228364,3.72,0.788093949773813,0.211906050226187,166.798334240575
2,20.5034089817828,8.79107609273404,0,0,6.23523173586482,28.3178644136272,0.220187216267068,294.206163264608,60.7172292230945,11.8313762103505,5.13,0.836917937434311,0.163082062565688,366.754768698053
3,18.7812907971262,7.6770247401507,0,0,5.44561850894793,25.9965191336733,0.209474910119571,291.133056215185,60.4620571211925,10.1461328933412,5.96,0.856303739109404,0.143696260890596,361.741246229719
4,19.9565080395636,9.81935604233138,0,0,6.96485750670996,27.3498662917675,0.254657826565187,286.792471634871,72.4635251633821,9.97824038541613,7.26,0.878966197303114,0.121033802696885,369.234237183669
