stim,SDNN,RMMSD,pnn50,nn50,SD1,SD2,SDratio,VLF,LF,HF,LFHF,LFn,HFn,POW
0,37.9307169543236,29.006339685258,4.51612903225806,7,20.576964762673,49.5385415458886,0.415372841439268,467.649212945318,116.37507324795,594.005894341741,0.2,0.163820651956383,0.836179348043616,1178.03018053501
1,20.6014172760667,11.3091040022521,0,0,8.01615066388976,28.0103215993508,0.286185598957048,237.940134727926,70.983872969928,78.4486130597162,0.9,0.475023034521733,0.524976965478267,387.37262075757
2,23.4313444613961,7.59716928414205,0,0,5.37903817475872,32.6974273430141,0.164509522976522,318.542615546994,38.1127176465136,36.7840916989707,1.04,0.508869709932597,0.491130290067403,393.439424892479
3,19.7002665594321,10.056406571495,0,0,7.12529510143032,26.93382955955,0.26454816184518,108.171895155703,161.77071363533,54.2026181786372,2.98,0.749030967280137,0.250969032719863,324.14522696967
4,27.0337911962205,19.1311264696944,0.595238095238095,1,13.5651539529638,35.7440670757272,0.379507847392541,293.65158497205,153.581278936941,184.07469091756,0.83,0.454845442250348,0.545154557749652,631.307554826551
